Name,Pos,Team,FantTeam,Round,Pick,Keeper,ProjPoints,VORP,VONA,VBD,Value,ADP,Off,b2b
Nathan MacKinnon,C,COL,The Mighty Cucks,1,1,,519.9,189.6,139.1,173.4,+1,2,38,10
Connor McDavid,C,EDM,Jabroni Zamboni goes Tkachoook,1,5,,495.4,165.1,115.4,149.2,-1,1.4,36,11
Nikita Kucherov,RW,TBL,A Squad,1,4,,467.3,142.6,88.5,125.3,+1,3.7,25,13
Macklin Celebrini,C,SJS,Baby Shark,9,7,k,456.3,126,89.1,113.9,0,4.1,36,13
Leon Draisaitl,"C, LW",EDM,Baby Shark,1,7,,438.9,117,46.6,95,+1,5.6,36,11
David Pastrnak,RW,BOS,ReadyToBustSomeAss!?,1,6,,435.7,111,68.7,97.3,+2,7.6,29,14
Auston Matthews,C,TOR,Playoff Auston Matthews,1,12,,432,101.7,67.7,90.5,+8,15.3,31,11
Ilya Sorokin,G,NYI,A Squad,2,4,,413.9,122.2,17.2,90.5,+26,33.5,28,13
Kirill Kaprizov,LW,MIN,The Puck Tuahs,1,9,,407.9,85.9,16.6,64.3,0,9.1,28,10
Jason Robertson,"LW, RW",DAL,The Idaho Idiots,2,8,k,407.6,85.7,36.4,70,0,9.5,34,13
Cale Makar,D,COL,The Idaho Idiots,1,8,,403.4,180.3,44.8,139.6,-4,7,38,10
Brady Tkachuk,"C, LW",FLA,ReadyToBustSomeAss!?,2,6,,403.3,81.4,36.1,67,+14,25.8,32,14
Connor Hellebuyck,G,WPG,The Idaho Idiots,4,8,,396.8,105.1,12,77,+31,43.6,34,9
Filip Forsberg,LW,NSH,Jabroni Zamboni goes Tkachoook,2,5,,392.3,70.4,28,56.8,+42,56.2,22,11
Matt Boldy,"LW, RW",MIN,Jabroni Zamboni goes Tkachoook,6,5,k,391.3,69.4,33,57.6,+7,21.9,28,10
Jack Eichel,C,VGK,JustPuckingAround,1,10,,387.9,57.5,29.9,48.3,+6,22.1,32,8
Andrei Vasilevskiy,G,TBL,David's Definitive Team,1,11,,384.8,93.1,0.6,65.2,-6,11.3,25,13
Logan Thompson,G,WSH,A Squad,6,4,k,384.3,92.6,1.6,65.1,+11,29.3,40,14
Evan Bouchard,D,EDM,The Mighty Cucks,2,1,,383.4,160.3,54.3,128.4,-3,15.8,36,11
Igor Shesterkin,G,NYR,The Puck Tuahs,3,9,,382.7,91,1,63.8,+23,42.6,39,11
Zach Werenski,D,CBJ,Playoff Auston Matthews,8,12,k,381.9,158.8,64.9,130.5,-6,14.9,28,13
Jeremy Swayman,G,BOS,ReadyToBustSomeAss!?,3,6,,381.7,90,13.8,66.9,+39,60.9,29,14
Nick Suzuki,C,MTL,The Mighty Cucks,9,1,k,380.8,50.5,24.9,41.8,-10,12.7,32,10
Wyatt Johnston,"C, RW",DAL,The Puck Tuahs,2,9,,380,55.3,21.7,44.2,-4,20,34,13
Martin Necas,RW,COL,ReadyToBustSomeAss!?,11,6,k,378.8,54.1,22.1,43.5,-8,16.7,38,10
Kyle Connor,LW,WPG,Not sure,2,2,,371.2,49.2,13.3,37.6,+4,30.4,34,9
Juuse Saros,G,NSH,Playoff Auston Matthews,3,12,k,367.9,76.2,0.4,53.3,+79,105.6,22,11
Karel Vejmelka,G,UTA,The Puck Tuahs,10,9,k,367.4,75.7,2.9,53.7,+40,68.4,37,10
Tim Stützle,"C, LW",OTT,A Squad,3,4,k,367.2,45.2,10.5,34,+19,47.9,31,14
Sam Reinhart,RW,FLA,Jabroni Zamboni goes Tkachoook,4,5,,367,42.3,11.1,31.9,+16,46.4,32,14
Tage Thompson,"C, RW",BUF,The Puck Tuahs,4,9,k,365.1,40.4,9.4,30.1,-1,29.5,30,14
Moritz Seider,D,DET,ReadyToBustSomeAss!?,6,6,k,364.6,141.5,50.6,114.2,+24,55.5,35,12
Jet Greaves,G,CBJ,The Mighty Cucks,4,1,,364.5,72.8,0.5,51,+92,125.2,28,13
J.T. Miller,"C, LW, RW",NYR,Not sure,5,2,,364.4,42.4,8.7,31.5,+77,111.2,39,11
Lukas Dostal,G,ANA,Jabroni Zamboni goes Tkachoook,5,5,,364,72.3,5.8,52.2,+101,135.7,36,11
Sidney Crosby,C,PIT,David's Definitive Team,4,11,,363.2,32.9,13.4,26.1,+17,52.5,34,15
Rasmus Dahlin,D,BUF,Playoff Auston Matthews,2,12,k,362.8,139.8,51.6,113.3,-2,35.1,30,14
Quinn Hughes,D,MIN,Not sure,1,2,,358.6,135.5,49.5,109.6,-26,11.9,28,10
Mikko Rantanen,"LW, RW",DAL,Baby Shark,2,7,,358.3,36.4,2.9,25.5,-14,25.4,34,13
John Gibson,G,DET,Car! Game On!,17,3,k,358.2,66.5,1.2,46.7,+98,137.9,35,12
Jack Hughes,"C, LW",NJD,Car! Game On!,1,3,,357.9,36,4.2,25.6,-23,18,29,13
Spencer Knight,G,CHI,The Idaho Idiots,16,8,k,357,65.3,4.9,47,+90,132,36,12
Cole Caufield,"LW, RW",MTL,JustPuckingAround,5,10,k,356.7,34.7,5.3,25.1,-25,17.7,32,10
William Nylander,"C, RW",TOR,Not sure,3,2,,355.8,31.1,4.4,22.1,-1,42.7,31,11
Brandon Hagel,"LW, RW",TBL,Car! Game On!,4,3,,355.7,33.7,4.8,24.2,-8,37.2,25,13
Cutter Gauthier,"C, LW, RW",ANA,Jabroni Zamboni goes Tkachoook,15,5,k,355.4,33.4,7.5,24.8,-13,32.6,36,11
Aleksander Barkov,C,FLA,Playoff Auston Matthews,4,12,,353.9,23.6,13.6,19.6,+7,54.3,32,14
Jake Guentzel,"LW, RW",TBL,David's Definitive Team,2,11,,353.7,31.8,6.2,23.3,-15,32.9,25,13
Mika Zibanejad,"C, RW",NYR,The Mighty Cucks,10,1,k,352.5,27.8,8,20.8,+35,83.7,39,11
Jake Oettinger,G,DAL,Baby Shark,3,7,k,352.1,60.4,0.4,42.2,-24,25.8,34,13
Dustin Wolf,G,CGY,The Mighty Cucks,6,1,,351.8,60.1,12,45.5,+86,137.4,30,8
Alex DeBrincat,"LW, RW",DET,Jabroni Zamboni goes Tkachoook,3,5,,351.4,29.5,6.9,21.9,-11,40.7,35,12
Sebastian Aho,C,CAR,ReadyToBustSomeAss!?,4,6,,351,20.7,14.7,17.9,+22,75.1,32,12
Artemi Panarin,LW,LAK,The Idaho Idiots,3,8,,350.8,28.9,8.7,22,-3,51,31,10
Adrian Kempe,RW,LAK,Car! Game On!,3,3,,350.2,25.5,10.1,19.9,0,54.8,31,10
Vincent Trocheck,C,UTA,Jabroni Zamboni goes Tkachoook,11,5,,349.8,19.5,16.9,17.7,+78,134,37,10
Nico Hischier,C,NJD,Jabroni Zamboni goes Tkachoook,10,5,,348.4,18.1,16.5,16.6,+73,129.9,29,13
Juraj Slafkovský,"LW, RW",MTL,Baby Shark,8,7,k,347.9,26,13.2,21.3,-5,52.6,32,10
Matthew Tkachuk,"LW, RW",FLA,The Mighty Cucks,3,1,,347.5,25.6,13.4,21.1,-25,33.7,32,14
Clayton Keller,"LW, RW",UTA,Baby Shark,4,7,,344.5,22.5,14.2,19.2,-16,44,37,10
Dylan Guenther,"LW, RW",UTA,Jabroni Zamboni goes Tkachoook,7,5,k,342.1,20.2,14,17.5,-20,40.9,37,10
Mark Scheifele,C,WPG,David's Definitive Team,3,11,,342,11.7,11.7,10.7,-26,36,34,9
Dylan Larkin,C,DET,Car! Game On!,2,3,k,342,11.7,15.1,11.7,+46,109,35,12
Bo Horvat,C,NYI,Not sure,7,2,k,340.3,10,19.2,11.8,+60,123.9,28,13
Tom Wilson,RW,WSH,David's Definitive Team,11,11,k,340,15.3,13.2,13.7,+65,130.1,40,14
Joey Daccord,G,SEA,Not sure,8,2,,339.8,48.1,14.5,37.8,+72,138.3,32,13
Dylan Cozens,C,OTT,ReadyToBustSomeAss!?,7,6,,337,6.7,31.1,13,+74,140.9,31,14
John Tavares,C,TOR,ReadyToBustSomeAss!?,5,6,,336.4,6.1,35.6,13.9,+57,125.4,31,11
Jesper Bratt,"LW, RW",NJD,A Squad,5,4,,334.7,12.7,7.8,10.4,+7,76.1,29,13
Andrei Svechnikov,"LW, RW",CAR,Car! Game On!,9,3,,334.1,12.1,9.4,10.5,+48,118.2,32,12
Adam Fantilli,C,CBJ,The Idaho Idiots,9,8,,333,2.7,34.4,11.2,+41,112.2,28,13
Steven Stamkos,"C, RW",NSH,Car! Game On!,8,3,,331.9,7.1,9.9,7,+51,123,22,11
Dylan Holloway,"C, LW",STL,The Puck Tuahs,6,9,,330.3,8.4,6.4,6.9,+31,104,24,12
Matthew Schaefer,D,NYI,Car! Game On!,16,3,k,329.1,106,26.4,82,-42,31.9,28,13
Drake Batherson,"LW, RW",OTT,The Mighty Cucks,8,1,k,328.1,6.2,6.2,5.3,+7,81.9,31,14
Mitch Marner,"C, LW, RW",VGK,JustPuckingAround,2,10,,326.9,4.9,5.8,4.3,-34,41.5,32,8
Jesper Wallstedt,G,MIN,Playoff Auston Matthews,17,12,k,325.3,33.6,5.2,24.9,-21,56.1,28,10
Alex Tuch,"LW, RW",WSH,David's Definitive Team,5,11,,324.7,2.8,4.6,2.5,+12,89.7,40,14
Timo Meier,"LW, RW",NJD,Car! Game On!,6,3,,324,2,11.8,4.1,+20,99.3,29,13
Alex Ovechkin,"LW, RW",WSH,The Idaho Idiots,8,8,,321.9,0,13.2,3.1,+20,100.2,40,14
Tomas Hertl,"C, LW",VGK,ReadyToBustSomeAss!?,10,6,,321.1,-0.8,12.5,2.3,+64,145,32,8
Kirill Marchenko,RW,CBJ,Jabroni Zamboni goes Tkachoook,16,5,k,321.1,-3.6,8.9,-0.9,-19,63,28,13
Travis Konecny,"LW, RW",PHI,ReadyToBustSomeAss!?,8,6,,320.1,-1.8,15.5,2.5,+48,130.8,34,12
Sergei Bobrovsky,G,TOR,Not sure,11,2,,320,28.3,1.8,20.2,+9,92.9,31,11
Linus Ullmark,G,OTT,The Mighty Cucks,12,1,,318.2,26.5,5.3,20,+46,130.5,31,14
Roman Josi,D,NSH,Not sure,6,2,,317,94,16.5,70.6,-6,79.6,22,11
Beckett Sennecke,RW,ANA,JustPuckingAround,17,10,k,316,-8.7,7.3,-4.9,+15,101.5,36,11
Lucas Raymond,RW,DET,The Puck Tuahs,5,9,,315.3,-9.4,8,-5.2,-14,74.1,35,12
Porter Martone,RW,PHI,The Mighty Cucks,5,1,,315.2,-9.5,10.6,-4.5,-21,68.1,34,12
Jakob Chychrun,D,WSH,Baby Shark,7,7,k,314,90.9,16.7,68.6,-38,51.8,40,14
Jakub Dobes,G,MTL,JustPuckingAround,7,10,,312.9,21.3,4.2,16,-9,81.9,32,10
Pavel Dorofeyev,"LW, RW",NYR,Car! Game On!,5,3,,312.2,-9.8,10.1,-4.6,-21,71,39,11
Jake Sanderson,D,OTT,JustPuckingAround,4,10,,311.2,88.2,16.5,66.6,-31,62.3,31,14
Lane Hutson,D,MTL,ReadyToBustSomeAss!?,16,6,k,309.1,86,15,64.6,-73,20.5,32,10
Joel Hofer,G,STL,JustPuckingAround,12,10,,308.7,17,1,12.1,+36,130.6,24,12
Zach Hyman,"LW, RW",EDM,The Puck Tuahs,7,9,,308.7,-13.2,7.5,-7.8,+2,98.3,36,11
Will Cuylle,"LW, RW",NYR,ReadyToBustSomeAss!?,12,6,,308.6,-13.3,10.5,-7,-,-,39,11
Dan Vladar,G,PHI,Jabroni Zamboni goes Tkachoook,13,5,,307.7,16,3.2,12,+43,141.2,34,12
Bryan Rust,RW,PIT,Car! Game On!,7,3,,307.3,-17.4,11.3,-9.8,+28,126.9,34,15
Joel Eriksson Ek,C,MIN,Playoff Auston Matthews,12,12,,305.9,-24.4,13.9,-13.9,+39,139.2,28,10
Matthew Knies,"LW, RW",TOR,David's Definitive Team,7,11,,304.6,53.6,0,36.6,+17,117.9,31,11
Yaroslav Askarov,G,SJS,ReadyToBustSomeAss!?,9,6,,304.4,96.7,12.8,71.5,+25,126.6,36,13
Mikhail Sergachev,D,UTA,The Mighty Cucks,7,1,,302.7,90.9,22.5,70.4,-10,92.8,37,10
Owen Tippett,"LW, RW",PHI,Jabroni Zamboni goes Tkachoook,14,5,,302.1,51,0,34.8,+31,134.7,34,12
Kevin Fiala,LW,LAK,The Mighty Cucks,14,1,,301.2,50.1,0,34.2,+44,148.5,31,10
Logan Cooley,C,UTA,The Puck Tuahs,8,9,,300.8,43.8,2.6,30.8,+9,114.7,37,10
Adam Fox,D,NYR,A Squad,4,4,,300.5,88.7,20.9,68.3,-49,57.5,39,11
Robert Thomas,C,STL,A Squad,7,4,,298.6,41.6,1.9,29,-33,75,24,12
Leo Carlsson,C,ANA,The Mighty Cucks,17,1,k,298.4,41.5,2.1,29,-65,44.4,36,11
Morgan Geekie,"C, LW, RW",BOS,The Idaho Idiots,7,8,,298.1,47.1,0,32.1,0,110,29,14
MacKenzie Weegar,D,UTA,Jabroni Zamboni goes Tkachoook,8,5,,297.3,85.5,25.6,67.5,+2,113.2,37,10
Nikolaj Ehlers,LW,CAR,A Squad,10,4,,296.8,45.7,0,31.2,+5,117.3,32,12
Sam Bennett,C,FLA,The Idaho Idiots,6,8,,296.6,39.7,5.1,28.6,+19,131.5,32,14
Rickard Rakell,"C, LW, RW",PIT,Playoff Auston Matthews,9,12,,296.3,45.3,0,30.8,+18,132.1,34,15
Kiefer Sherwood,"LW, RW",SJS,Not sure,16,2,k,296,45,0,30.6,+18,132.5,36,13
Darren Raddysh,D,TOR,David's Definitive Team,16,11,k,294.7,82.9,31.6,67.5,-62,53.5,31,11
Jacob Markstrom,G,FLA,JustPuckingAround,3,10,,294.5,86.8,8.3,63.2,-46,71.3,32,14
Jackson LaCombe,D,ANA,Baby Shark,5,7,,294.1,82.3,31,66.9,-39,79.1,36,11
Carter Hart,G,VGK,The Puck Tuahs,13,9,,293.4,85.7,8.5,62.5,+8,126.5,32,8
Josh Morrissey,D,WPG,Jabroni Zamboni goes Tkachoook,9,5,,292.7,80.9,34,66.8,-35,85.3,34,9
Mark Stone,RW,VGK,Playoff Auston Matthews,7,12,,292.6,41.5,3.9,29.2,-14,107.2,32,8
Brock Nelson,C,COL,The Idaho Idiots,10,8,,292,35,0.7,24,+11,133.3,38,10
Scott Wedgewood,G,COL,David's Definitive Team,6,11,,291.7,84,11.4,62.1,-74,48.9,38,10
Elias Pettersson,C,VAN,Not sure,15,2,,291.5,34.6,2,24.1,-,-,33,11
Ryan O'Reilly,C,NSH,ReadyToBustSomeAss!?,13,6,,291.4,34.4,2.3,24.1,+19,144.1,22,11
Roope Hintz,C,DAL,JustPuckingAround,10,10,,291.3,34.3,2.6,24.1,-17,109.3,34,13
Charlie McAvoy,D,BOS,David's Definitive Team,9,11,,290.4,78.6,32,64.6,-27,99.7,29,14
Mathew Barzal,"C, RW",NYI,Car! Game On!,12,3,,289.5,38.5,1.7,26.4,+12,140.2,28,13
Nazem Kadri,"C, LW",COL,The Idaho Idiots,11,8,,289,38,0,25.7,+16,145,38,10
Dylan Strome,C,WSH,The Idaho Idiots,14,8,,288.7,31.8,6.7,23.5,+12,141.6,40,14
Connor Bedard,"C, RW",CHI,Not sure,9,2,,288.7,37.6,6.6,27.3,-56,75.3,36,12
Jimmy Snuggerud,RW,STL,David's Definitive Team,15,11,k,287.8,36.7,5.9,26.5,+5,136.9,24,12
Erik Karlsson,D,PIT,Playoff Auston Matthews,6,12,,286.6,74.8,28.3,60.8,-59,73.9,34,15
John Carlson,D,TBL,A Squad,9,4,,286.4,74.6,29.5,61,-49,85.1,25,13
Darcy Kuemper,G,LAK,,,,,286.3,78.5,11.2,58.3,+12,147,31,10
Brandt Clarke,D,LAK,David's Definitive Team,8,11,,285,73.2,28.2,59.7,-30,105.9,31,10
Jake Allen,G,NJD,,,,,284.9,77.2,10.3,57.1,-1,135.8,29,13
Brayden Point,C,TBL,A Squad,8,4,,284.7,27.7,3.3,19.7,-57,81.1,25,13
Nick Schmaltz,"C, RW",UTA,ReadyToBustSomeAss!?,17,6,k,282,31,0.6,20.8,-47,92.3,37,10
Alex Laferriere,"C, LW, RW",LAK,Baby Shark,12,7,,282,30.9,0,20.8,+1,141.1,31,10
Evgeni Malkin,"C, LW, RW",PIT,Not sure,17,2,k,281.4,30.4,0,20.4,0,141.2,34,15
Jared McCann,"C, LW",SEA,,,,,281.4,30.4,0,20.4,+3,144.6,32,13
Ukko-Pekka Luukkonen,G,BUF,Playoff Auston Matthews,14,12,,280.3,72.6,10.9,54,-25,117.8,30,14
Miro Heiskanen,D,DAL,The Idaho Idiots,5,8,,280.3,68.4,23.7,55,-73,71.2,34,13
Brad Marchand,"LW, RW",FLA,,,,,280.2,29.1,0,19.5,-1,144.3,32,14
Noah Dobson,D,MTL,The Puck Tuahs,9,9,,279.6,67.7,24.7,54.8,-51,95.4,32,10
Carter Verhaeghe,LW,FLA,Car! Game On!,13,3,,277.6,26.6,0,17.7,-7,139.5,32,14
Alexis Lafrenière,"LW, RW",NYR,Playoff Auston Matthews,10,12,,277.3,26.2,0,17.5,-7,141.3,39,11
Ivan Demidov,RW,MTL,Playoff Auston Matthews,5,12,,276.8,25.7,5.1,18.5,-63,86,32,10
Thatcher Demko,G,VAN,,,,,275.1,67.3,14.3,51.4,-16,133.6,33,11
Mackenzie Blackwood,G,COL,Car! Game On!,10,3,,274.6,66.9,26.1,54.6,-54,96.6,38,10
Gabriel Vilardi,"C, RW",WPG,Baby Shark,11,7,,273.5,22.4,3.3,15.6,-8,144.4,34,9
Dougie Hamilton,D,NJD,A Squad,12,4,,271.7,59.9,20.7,48.1,-42,111.1,29,13
Bobby McMann,"LW, RW",SEA,,,,,271.6,20.6,0,13.5,-20,134,32,13
Blake Coleman,"C, LW",MIN,,,,,270.4,19.3,0,12.6,-9,146,28,10
Will Smith,"LW, RW",SJS,The Idaho Idiots,15,8,k,270.2,19.1,0,12.5,-93,63,36,13
Quinton Byfield,C,LAK,The Puck Tuahs,11,9,,269.9,13,6.9,10.5,-21,135.9,31,10
Arturs Silovs,G,PIT,,,,,269.4,61.7,22.6,49.9,-28,129.6,34,15
William Eklund,"LW, RW",OTT,JustPuckingAround,16,10,k,268.2,17.2,0,11.2,-17,141.8,31,14
Jordan Kyrou,RW,WSH,A Squad,14,4,,267.9,16.8,5.3,12.3,-19,140.7,40,14
Jake DeBrusk,"LW, RW",VAN,,,,,264.5,13.4,0,8.5,-21,140,33,11
Brayden Schenn,"C, LW",NYI,,,,,264.3,13.2,0,8.4,-,-,28,13
Elias Lindholm,C,BOS,,,,,263.9,7,4.1,5.4,-,-,29,14
Brandon Montour,D,SEA,The Idaho Idiots,12,8,,263.1,51.3,16.4,40.8,-45,118.9,32,13
Darnell Nurse,D,SJS,Jabroni Zamboni goes Tkachoook,12,5,,263.1,51.3,16.4,40.8,-28,137.3,36,13
Ryan Nugent-Hopkins,"C, LW",EDM,The Puck Tuahs,17,9,,263,12,0,7.5,-28,138.4,36,11
Ryan Leonard,RW,WSH,David's Definitive Team,13,11,,262.6,11.5,1.4,7.5,-33,134,40,14
Charlie Coyle,C,CBJ,,,,,261.6,4.7,4.7,4,-,-,28,13
Eeli Tolvanen,"LW, RW",NYR,,,,,261.5,10.5,0,6.5,-,-,39,11
Brock Boeser,"LW, RW",VAN,Not sure,13,2,,261.2,10.2,0,6.3,-36,133.6,33,11
Brandon Bussi,G,CAR,The Idaho Idiots,17,8,k,260.8,53.1,14.6,41.5,-93,78,32,12
Josh Doan,RW,BUF,The Mighty Cucks,13,1,,260.3,9.2,3.4,6.4,-37,135,30,14
Shane Pinto,C,OTT,,,,,259.9,2.9,6.1,3.2,-,-,31,14
Matvei Michkov,"LW, RW",PHI,,,,,259.7,8.7,0,5.2,-37,136.9,34,12
Victor Hedman,D,TBL,Car! Game On!,11,3,,258.7,46.8,16.3,37.7,-83,91.9,25,13
Shayne Gostisbehere,D,CAR,JustPuckingAround,8,10,,258.4,46.6,16.2,37.4,-77,99.4,32,12
Seth Jones,D,FLA,The Puck Tuahs,12,9,,258.3,46.5,18.5,38.1,-53,123.7,32,14
Mason McTavish,C,STL,,,,,257.7,0.8,4,1.1,-45,133.3,24,12
Trevor Zegras,"C, LW, RW",PHI,JustPuckingAround,9,10,,256.9,5.9,0,3.3,-49,130.1,34,12
Rasmus Andersson,D,VGK,Not sure,12,2,,256.9,45.1,18.4,37,-70,109.9,32,8
Filip Hronek,D,VAN,Not sure,10,2,,256.8,44.9,22.3,38.1,-40,140.6,33,11
Jacob Trouba,D,SJS,ReadyToBustSomeAss!?,14,6,,256.5,44.7,22.4,38,-43,139.4,36,13
Anders Lee,LW,UTA,,,,,256.4,5.3,0,2.9,-,-,37,10
Brock Faber,D,MIN,JustPuckingAround,13,10,k,254.8,43,22.9,37,-101,82.7,28,10
Anton Frondell,C,CHI,A Squad,13,4,,253.8,-3.1,4.5,-1.5,-47,138.2,36,12
Mikael Granlund,"C, LW",ANA,,,,,253.7,2.7,0,1,-,-,36,11
Kyle Palmieri,RW,NYI,,,,,253.3,2.3,2.3,1.2,-,-,28,13
Lawson Crouse,"LW, RW",UTA,,,,,251.1,0,0,-0.8,-53,135,37,10
Tyson Foerster,"LW, RW",PHI,Baby Shark,15,7,,251,0,0,-0.9,-56,132.8,34,12
Thomas Harley,D,DAL,Baby Shark,6,7,,251,39.2,20.3,33.5,-73,117.4,34,13
Mathieu Olivier,RW,CBJ,,,,,250.2,-0.9,3,-0.7,-,-,28,13
Tyler Bertuzzi,"LW, RW",CHI,,,,,250.2,-0.9,0,-1.5,-57,134.7,36,12
Ivan Barbashev,LW,VGK,,,,,249.8,-1.3,0,-1.7,-56,137.4,32,8
Matty Beniers,C,SEA,,,,,249.3,-7.6,3,-5.1,-,-,32,13
Boone Jenner,"C, LW",WSH,,,,,249.3,-1.7,0,-2.1,-,-,40,14
Anton Forsberg,G,LAK,,,,,248.5,40.8,3,29.4,-45,151,31,10
Patrick Kane,RW,CHI,,,,,247.3,-3.8,0.4,-3.6,-67,130.4,36,12
Jackson Blake,RW,CAR,Playoff Auston Matthews,13,12,,247.1,-4,0.2,-3.7,-57,141,32,12
Vasily Podkolzin,"LW, RW",EDM,Baby Shark,14,7,,246.9,-4.1,0,-3.8,-,-,36,11
Mats Zuccarello,RW,LAK,,,,,246.9,-4.2,1.7,-3.4,-69,131.3,31,10
Kevin Lankinen,G,VAN,Not sure,4,2,,230.6,-17.9,2.8,-124,-124,125.9,33,11
Gavin McKenna,LW,TOR,JustPuckingAround,6,10,,238.9,-62.3,0.9,-44.4,-131,94.6,31,11
Sergei Murashov,G,PIT,Baby Shark,10,7,,246.8,-1.7,0.6,-3.1,-65,136.2,34,15
Egor Chinakhov,"LW, RW",PIT,David's Definitive Team,10,11,,233.4,-67.7,0.7,-48.3,-107,132.7,34,15
Vince Dunn,D,SEA,The Mighty Cucks,11,1,,246.7,34.1,6.9,25.9,-76,127.2,32,13
Logan Stankoven,"C, RW",CAR,A Squad,11,4,,237.2,-59.2,4.4,-41.1,-93,137.5,32,12
JJ Peterka,"LW, RW",BOS,JustPuckingAround,11,10,,241.7,-59.5,1.4,-42.3,-77,141.8,29,14
Shea Theodore,D,VGK,Playoff Auston Matthews,11,12,,239.9,27.2,5.7,20.7,-123,100.3,32,8
Igor Chernyshov,"LW, RW",SJS,David's Definitive Team,12,11,,207.4,-93.8,5.6,-65.1,-182,137.5,36,13
Bowen Byram,D,CHI,Baby Shark,13,7,,246.7,34.1,4.5,25.1,-87,115.2,36,12
Roman Kantserov,RW,CHI,The Idaho Idiots,13,8,,219.2,-82.9,2.6,-58.2,,,36,12
Luke Hughes,D,NJD,Not sure,14,2,,223,10.4,5.2,8.7,-137,132,29,13
Thomas Chabot,D,OTT,Car! Game On!,14,3,,242.2,29.6,7.8,22.9,-76,141.7,31,14
Philip Broberg,D,STL,The Puck Tuahs,14,9,,191.1,-21.5,1.5,-14.7,-245,135.8,24,12
K'Andre Miller,D,CAR,JustPuckingAround,14,10,,222,9.4,4.2,7.7,-135,136.7,32,12
Ivar Stenberg,LW,SJS,David's Definitive Team,14,11,,179.3,-121.9,0.8,-86.2,,,36,13
Sean Walker,D,CAR,The Mighty Cucks,15,1,,242.4,29.8,3.9,21.9,-75,142.3,32,12
Mike Matheson,D,MTL,Car! Game On!,15,3,,234.2,21.5,7.2,17.1,-101,136.5,32,10
Zach Benson,LW,BUF,A Squad,15,4,,230.8,-70.3,1,-50,-102,146.2,30,14
Seth Jarvis,"LW, RW",CAR,ReadyToBustSomeAss!?,15,6,,224.1,-77,1.2,-54.7,-140,124.7,32,12
Gabe Perreault,RW,NYR,The Puck Tuahs,15,9,,200.1,-101.9,2.7,-71.6,-211,133,39,11
Pavel Zacha,"C, LW",BOS,JustPuckingAround,15,10,,240.3,-56,3.7,-39.1,-79,143.4,29,14
Matt Duchene,"C, RW",DAL,Playoff Auston Matthews,15,12,,243.5,-52.9,6.3,-36.1,-75,137.8,34,13
Luke Evangelista,"LW, RW",NJD,The Mighty Cucks,16,1,,243.5,-57.7,0.5,-41.3,-69,145.4,29,13
Simon Nemec,D,CGY,A Squad,16,4,,208.9,-3.7,1.9,-2.1,-170,142.7,30,8
Mason Marchment,LW,SJS,Baby Shark,16,7,,238,-63.2,4.5,-44,-98,132,36,13
Aliaksei Protas,"LW, RW",WSH,The Puck Tuahs,16,9,,243.1,-58,1.5,-41.3,-75,140,40,14
Valeri Nichushkin,"LW, RW",CBJ,Playoff Auston Matthews,16,12,,241.2,-60,1.4,-42.7,-79,141.8,28,13
Mattias Samuelsson,D,BUF,A Squad,17,4,,206.7,-6,0.6,-4.1,-188,133.6,30,14
Alexander Nikishin,D,CAR,Jabroni Zamboni goes Tkachoook,17,5,,231.9,19.3,5.5,15.1,-101,143.5,32,12
Viggo Bjorck,C,WPG,Baby Shark,17,7,,,,,,,,,
Cole Hutson,D,WSH,David's Definitive Team,17,11,k,218.6,,,,,92,,