Round,Player,Position,Team
1,Auston Matthews,C,Playoff Auston Matthews
1,Nathan MacKinnon,C,Not sure
1,Nikita Kucherov,RW,A Squad
1,Connor McDavid,C,Baby Shark
1,Quinn Hughes,D,Car! Game On!
1,Mikko Rantanen,RW,JustPuckingAround
1,Connor Hellebuyck,G,The Idaho Idiots
1,David Pastrnak,RW,The Mighty Cucks
1,Kirill Kaprizov,LW,The Puck Tuahs
1,Cale Makar,D,Davids Definitive Team
1,Leon Draisaitl,C,Jabroni Zamboni goes Tkachoook
1,Brady Tkachuk,LW,OneFlutieTwoCups
2,Mitch Marner,RW,Playoff Auston Matthews
2,J.T. Miller,C,Not sure
2,Evan Bouchard,D,A Squad
2,Sidney Crosby,C,Baby Shark
2,Sam Reinhart,C,Car! Game On!
2,Igor Shesterkin,G,JustPuckingAround
2,William Nylander,RW,The Idaho Idiots
2,Andrei Vasilevskiy,G,The Mighty Cucks
2,Filip Forsberg,LW,The Puck Tuahs
2,Jack Eichel,C,Davids Definitive Team
2,Kyle Connor,LW,Jabroni Zamboni goes Tkachoook
2,Jack Hughes,C,OneFlutieTwoCups
3,Rasmus Dahlin,D,Playoff Auston Matthews
3,Filip Gustavsson,G,Not sure
3,Artemi Panarin,LW,A Squad
3,Aleksander Barkov,C,Baby Shark
3,Dylan Larkin,C,Car! Game On!
3,Brayden Point,C,JustPuckingAround
3,Jason Robertson,LW,The Idaho Idiots
3,Jesper Bratt,LW,The Mighty Cucks
3,John Tavares,C,The Puck Tuahs
3,Jake Guentzel,LW,Davids Definitive Team
3,Alex Ovechkin,LW,Jabroni Zamboni goes Tkachoook
3,Ilya Sorokin,G,OneFlutieTwoCups
4,Juuse Saros,G,Playoff Auston Matthews
4,Roman Josi,D,Not sure
4,Tim Stutzle,C,A Squad
4,Jake Oettinger,G,Baby Shark
4,Sergei Bobrovsky,G,Car! Game On!
4,Adam Fox,D,JustPuckingAround
4,Clayton Keller,RW,The Idaho Idiots
4,Victor Hedman,D,The Mighty Cucks
4,Mark Scheifele,C,The Puck Tuahs
4,Connor Bedard,C,Davids Definitive Team
4,MacKenzie Weegar,D,Jabroni Zamboni goes Tkachoook
4,Adin Hill,G,OneFlutieTwoCups
5,Adrian Kempe,RW,Playoff Auston Matthews
5,Elias Pettersson,C,Not sure
5,Thatcher Demko,G,A Squad
5,Sebastian Aho,C,Baby Shark
5,Dougie Hamilton,D,Car! Game On!
5,Wyatt Johnston,C,JustPuckingAround
5,Alex DeBrincat,LW,The Idaho Idiots
5,Robert Thomas,C,The Mighty Cucks
5,Tage Thompson,C,The Puck Tuahs
5,Josh Morrissey,D,Davids Definitive Team
5,Nico Hischier,C,Jabroni Zamboni goes Tkachoook
5,Vincent Trocheck,C,OneFlutieTwoCups
6,Samuel Montembeault,G,Playoff Auston Matthews
6,Joey Daccord,G,Not sure
6,Thomas Harley,D,A Squad
6,Elias Lindholm,C,Baby Shark
6,Darcy Kuemper,G,Car! Game On!
6,Cole Caufield,RW,JustPuckingAround
6,Linus Ullmark,G,The Idaho Idiots
6,Shea Theodore,D,The Mighty Cucks
6,Travis Konecny,RW,The Puck Tuahs
6,Seth Jarvis,C,Davids Definitive Team
6,Timo Meier,RW,Jabroni Zamboni goes Tkachoook
6,Kevin Fiala,LW,OneFlutieTwoCups
7,Andrei Svechnikov,RW,Playoff Auston Matthews
7,Jacob Markstrom,G,Not sure
7,Logan Thompson,G,A Squad
7,Matthew Tkachuk,LW,Baby Shark
7,Valeri Nichushkin,LW,Car! Game On!
7,Tomas Hertl,C,JustPuckingAround
7,Brandon Montour,D,The Idaho Idiots
7,Mikhail Sergachev,D,The Mighty Cucks
7,Jordan Binnington,G,The Puck Tuahs
7,Jeremy Swayman,G,Davids Definitive Team
7,Noah Dobson,D,Jabroni Zamboni goes Tkachoook
7,Moritz Seider,D,OneFlutieTwoCups
8,Brandon Hagel,LW,Playoff Auston Matthews
8,Bo Horvat,C,Not sure
8,Matvei Michkov,RW,A Squad
8,Jordan Kyrou,RW,Baby Shark
8,Dylan Guenther,RW,Car! Game On!
8,Lukas Dostal,G,JustPuckingAround
8,Miro Heiskanen,D,The Idaho Idiots
8,Lucas Raymond,RW,The Mighty Cucks
8,Seth Jones,D,The Puck Tuahs
8,Jakob Chychrun,D,Davids Definitive Team
8,Matt Boldy,LW,Jabroni Zamboni goes Tkachoook
8,Alex Tuch,RW,OneFlutieTwoCups
9,Zach Werenski,D,Playoff Auston Matthews
9,Rickard Rakell,RW,Not sure
9,Dylan Holloway,RW,A Squad
9,Juraj Slafkovský,RW,Baby Shark
9,Carter Verhaeghe,LW,Car! Game On!
9,Roope Hintz,C,JustPuckingAround
9,Brad Marchand,LW,The Idaho Idiots
9,Drake Batherson,LW,The Mighty Cucks
9,Luke Hughes,D,The Puck Tuahs
9,JJ Peterka,RW,Davids Definitive Team
9,Yaroslav Askarov,G,Jabroni Zamboni goes Tkachoook
9,Charlie McAvoy,D,OneFlutieTwoCups
10,Erik Karlsson,D,Playoff Auston Matthews
10,Brock Boeser,RW,Not sure
10,Jackson LaCombe,D,A Squad
10,Macklin Celebrini,C,Baby Shark
10,Bryan Rust,RW,Car! Game On!
10,Gabriel Vilardi,C,JustPuckingAround
10,Gustav Forsling,D,The Idaho Idiots
10,Nick Suzuki,C,The Mighty Cucks
10,John Carlson,D,The Puck Tuahs
10,Pyotr Kochetkov,G,Davids Definitive Team
10,Kris Letang,D,Jabroni Zamboni goes Tkachoook
10,Frank Vatrano,C,OneFlutieTwoCups
11,Joel Eriksson Ek,C,Playoff Auston Matthews
11,Evander Kane,LW,Not sure
11,Logan Cooley,C,A Squad
11,Mark Stone,RW,Baby Shark
11,Nikolaj Ehlers,LW,Car! Game On!
11,Jake Sanderson,D,JustPuckingAround
11,Steven Stamkos,C,The Idaho Idiots
11,Mika Zibanejad,C,The Mighty Cucks
11,Karel Vejmelka,G,The Puck Tuahs
11,Zeev Buium,D,Davids Definitive Team
11,Zach Hyman,LW,Jabroni Zamboni goes Tkachoook
11,Adam Fantilli,C,OneFlutieTwoCups
12,Mathew Barzal,C,Playoff Auston Matthews
12,Filip Hronek,D,Not sure
12,Quinton Byfield,RW,A Squad
12,Aaron Ekblad,D,Baby Shark
12,Shayne Gostisbehere,D,Car! Game On!
12,Devon Toews,D,JustPuckingAround
12,Neal Pionk,D,The Idaho Idiots
12,Ivan Demidov,RW,The Mighty Cucks
12,Pavel Dorofeyev,RW,The Puck Tuahs
12,Tom Wilson,RW,Davids Definitive Team
12,Drew Doughty,D,Jabroni Zamboni goes Tkachoook
12,Martin Necas,LW,OneFlutieTwoCups
13,Stuart Skinner,G,Playoff Auston Matthews
13,Jake DeBrusk,LW,Not sure
13,Nazem Kadri,C,A Squad
13,Vince Dunn,D,Baby Shark
13,Alexander Nikishin,D,Car! Game On!
13,Cole Perfetti,C,JustPuckingAround
13,Darnell Nurse,D,The Idaho Idiots
13,Will Cuylle,LW,The Mighty Cucks
13,Sean Monahan,C,The Puck Tuahs
13,Joseph Woll,G,Davids Definitive Team
13,Anders Lee,LW,Jabroni Zamboni goes Tkachoook
13,Jonathan Marchessault,C,OneFlutieTwoCups
14,Owen Tippett,RW,Playoff Auston Matthews
14,Jake Walman,D,Not sure
14,Dylan Strome,C,A Squad
14,Frederik Andersen,G,Baby Shark
14,Aliaksei Protas,LW,Car! Game On!
14,Brock Faber,D,JustPuckingAround
14,Mikael Granlund,C,The Idaho Idiots
14,Ryan Nugent-Hopkins,C,The Mighty Cucks
14,Ukko-Pekka Luukkonen,G,The Puck Tuahs
14,Gabriel Landeskog,LW,Davids Definitive Team
14,Dustin Wolf,G,Jabroni Zamboni goes Tkachoook
14,Matt Duchene,C,OneFlutieTwoCups
15,Pierre-Luc Dubois,C,Playoff Auston Matthews
15,Colton Parayko,D,Not sure
15,Patrick Kane,RW,A Squad
15,Tyler Toffoli,C,Baby Shark
15,Boone Jenner,C,Car! Game On!
15,Patrik Laine,RW,JustPuckingAround
15,Brock Nelson,C,The Idaho Idiots
15,Thomas Chabot,D,The Mighty Cucks
15,Morgan Geekie,C,The Puck Tuahs
15,Matthew Knies,LW,Davids Definitive Team
15,Jared McCann,C,Jabroni Zamboni goes Tkachoook
15,Jet Greaves,G,OneFlutieTwoCups
16,Dylan Cozens,C,Playoff Auston Matthews
16,Blake Coleman,LW,Not sure
16,Cutter Gauthier,LW,A Squad
16,Brent Burns,D,Baby Shark
16,Cam Fowler,D,Car! Game On!
16,Pavel Buchnevich,LW,JustPuckingAround
16,Rasmus Andersson,D,The Idaho Idiots
16,Marco Kasper,C,The Mighty Cucks
16,Zayne Parekh,D,The Puck Tuahs
16,Ryan Leonard,RW,Davids Definitive Team
16,Mackenzie Blackwood,G,Jabroni Zamboni goes Tkachoook
16,Morgan Rielly,D,OneFlutieTwoCups
17,Travis Sanheim,D,Playoff Auston Matthews
17,Kiefer Sherwood,RW,Not sure
17,Mattias Ekholm,D,A Squad
17,Will Smith,C,Baby Shark
17,Noah Hanifin,D,Car! Game On!
17,Sam Bennett,C,JustPuckingAround
17,Spencer Knight,G,The Idaho Idiots
17,Anthony Stolarz,G,The Mighty Cucks
17,Logan Stankoven,C,The Puck Tuahs
17,Mason McTavish,C,Davids Definitive Team
17,Kirill Marchenko,RW,Jabroni Zamboni goes Tkachoook
17,Lane Hutson,D,OneFlutieTwoCups
NA,Mason Marchment,LW,NA
NA,Justin Faulk,D,NA
NA,Tristan Jarry,G,NA
NA,Frank Nazar,C,NA
NA,Jakub Dobes,G,NA
NA,Mavrik Bourque,C,NA
NA,Pavel Zacha,C,NA
NA,Alex Newhook,C,NA
NA,Jamie Benn,LW,NA
NA,Brandt Clarke,D,NA
NA,Matthew Schaefer,D,NA
NA,John Gibson,G,NA
NA,Brayden Schenn,C,NA
NA,Anton Frondell,C,NA
NA,Egor Chinakhov,RW,NA
NA,Jimmy Snuggerud,LW,NA
NA,Logan Mailloux,D,NA
NA,Sam Malinski,D,NA
NA,Jack Quinn,RW,NA
NA,Darren Raddysh,D,NA
NA,Mattias Samuelsson,D,NA
NA,Viktor Arvidsson,RW,NA
NA,Jason Zucker,LW,NA
NA,Elvis Merzlikins,G,NA
NA,Beckett Sennecke,RW,NA
NA,Arturs Silovs,G,NA
NA,William Eklund,LW,NA
NA,Tyler Bertuzzi,LW,NA
NA,Evgeni Malkin,C,NA
NA,Braden Schneider,D,NA
NA,Emil Heineman,D,NA
NA,Trevor Zegras,C,NA
NA,Christian Dvorak,C,NA
NA,Joonas Korpisalo,G,NA
NA,Nick Schmaltz,C,NA
NA,Jean-Gabriel Pageau,C,NA
NA,Anton Lundell,C,NA
NA,Jake Neighbours,LW,NA
NA,Anthony Mantha,RW,NA
NA,Philip Broberg,D,NA
NA,Scott Wedgewood,G,NA
NA,Joel Hofer,G,NA
NA,Jesper Wallstedt,G,NA
NA,Anze Kopitar,C,NA
NA,Gabe Perreault,LW,NA
NA,Brandon Bussi,G,NA
NA,Jacob Trouba,D,NA
NA,Sean Walker,D,NA
NA,Josh Manson,D,NA
NA,Dan Vladar,G,NA
NA,Jacob Fowler,G,NA
NA,Leo Carlsson,C,NA
NA,Samuel Ersson,G,NA
NA,Cole Hutson,D,NA