Player,Season
Lucas Raymond,25/26
Drake Batherson,25/26
Nick Suzuki,25/26
Anthony Stolarz,25/26
Tim Stutzle,25/26
Nazem Kadri,25/26
Dylan Strome,25/26
Moritz Seider,25/26
Martin Necas,25/26
Matt Duchene,25/26
Lane Hutson,25/26
Quin Hughes,25/26
Sam Reinhart,25/26
Nikola Ehlers,25/26
Jakob Chychrun,25/26
Tom Wilson,25/26
Mathiew Knies,25/26
Mason McTavish,25/26
Matt Boldy,25/26
Dustin Wolf,25/26
Mac Blackwood,25/26
Kirill Marchenko,25/26
Igor Shesterkin,25/26
Cole Caufield,25/26
Jake Sanderson,25/26
Sam Bennett,25/26
Bo Horvat,25/26
Kiefer Sherwood,25/26
Aleks Barkov,25/26
Jake Oettinger,25/26
Macklin Celebrini,25/26
Mitch Marner,25/26
Brandon Hagel,25/26
Zach Werenski,25/26
Connor Hellebuyck,25/26
Alex DeBrincat,25/26
Linus Ullmark,25/26