Player,Team
Nick Suzuki,The Mighty Cucks
Robert Thomas,The Mighty Cucks
Jesper Bratt,The Mighty Cucks
Rickard Rakell,The Mighty Cucks
Mika Zibanejad,The Mighty Cucks
David Pastrnak,The Mighty Cucks
Jacob Trouba,The Mighty Cucks
Sean Walker,The Mighty Cucks
Josh Manson,The Mighty Cucks
Sam Bennett,The Mighty Cucks
Dan Vladar,The Mighty Cucks
Jacob Fowler,The Mighty Cucks
Mikhail Sergachev,The Mighty Cucks
Lucas Raymond,The Mighty Cucks
Drake Batherson,The Mighty Cucks
Leo Carlsson,The Mighty Cucks
Andrei Vasilevskiy,The Mighty Cucks
Brock Nelson,A Squad
Nazem Kadri,A Squad
Artemi Panarin,A Squad
Mason Marchment,A Squad
Nikita Kucherov,A Squad
Aliaksei Protas,A Squad
Justin Faulk,A Squad
Rasmus Andersson,A Squad
Shea Theodore,A Squad
Dylan Strome,A Squad
Logan Thompson,A Squad
Tristan Jarry,A Squad
Tim Stutzle,A Squad
Logan Cooley,A Squad
Evan Bouchard,A Squad
Frank Nazar,A Squad
Tyler Toffoli,A Squad
Yaroslav Askarov,A Squad
Trevor Zegras,OneFlutieTwoCups
Christian Dvorak,OneFlutieTwoCups
Jack Hughes,OneFlutieTwoCups
Brady Tkachuk,OneFlutieTwoCups
Martin Necas,OneFlutieTwoCups
Patrick Kane,OneFlutieTwoCups
Charlie McAvoy,OneFlutieTwoCups
Lane Hutson,OneFlutieTwoCups
Moritz Seider,OneFlutieTwoCups
Carter Verhaeghe,OneFlutieTwoCups
Jet Greaves,OneFlutieTwoCups
Joonas Korpisalo,OneFlutieTwoCups
Matt Duchene,OneFlutieTwoCups
Nick Schmaltz,OneFlutieTwoCups
Alex Tuch,OneFlutieTwoCups
Jean-Gabriel Pageau,OneFlutieTwoCups
Kevin Fiala,OneFlutieTwoCups
Anton Lundell,OneFlutieTwoCups
Ilya Sorokin,OneFlutieTwoCups
Mikael Granlund,Car! Game On!
Dylan Larkin,Car! Game On!
Pavel Zacha,Car! Game On!
Alex Newhook,Car! Game On!
Steven Stamkos,Car! Game On!
Jamie Benn,Car! Game On!
Quinn Hughes,Car! Game On!
Brandt Clarke,Car! Game On!
Aaron Ekblad,Car! Game On!
Matthew Schaefer,Car! Game On!
John Gibson,Car! Game On!
Darcy Kuemper,Car! Game On!
Will Cuylle,Car! Game On!
Brayden Schenn,Car! Game On!
Sam Reinhart,Car! Game On!
Shayne Gostisbehere,Car! Game On!
Samuel Montembeault,Car! Game On!
Sergei Bobrovsky,Car! Game On!
Anton Frondell,Davids Definitive Team
Jack Eichel,Davids Definitive Team
Seth Jarvis,Davids Definitive Team
Egor Chinakhov,Davids Definitive Team
Tom Wilson,Davids Definitive Team
Jimmy Snuggerud,Davids Definitive Team
Cole Hutson,Davids Definitive Team
Dougie Hamilton,Davids Definitive Team
Logan Mailloux,Davids Definitive Team
Sam Malinski,Davids Definitive Team
Jeremy Swayman,Davids Definitive Team
Jordan Binnington,Davids Definitive Team
Connor Bedard,Davids Definitive Team
Jack Quinn,Davids Definitive Team
Darren Raddysh,Davids Definitive Team
Mattias Samuelsson,Davids Definitive Team
Cale Makar,Davids Definitive Team
Joseph Woll,Davids Definitive Team
Nico Hischier,Jabroni Zamboni goes Tkachoook
Dylan Holloway,Jabroni Zamboni goes Tkachoook
Timo Meier,Jabroni Zamboni goes Tkachoook
Viktor Arvidsson,Jabroni Zamboni goes Tkachoook
Matt Boldy,Jabroni Zamboni goes Tkachoook
Alex Ovechkin,Jabroni Zamboni goes Tkachoook
Jake Walman,Jabroni Zamboni goes Tkachoook
Noah Dobson,Jabroni Zamboni goes Tkachoook
Luke Hughes,Jabroni Zamboni goes Tkachoook
Kyle Connor,Jabroni Zamboni goes Tkachoook
Dustin Wolf,Jabroni Zamboni goes Tkachoook
Mackenzie Blackwood,Jabroni Zamboni goes Tkachoook
Cutter Gauthier,Jabroni Zamboni goes Tkachoook
Kirill Marchenko,Jabroni Zamboni goes Tkachoook
Dylan Guenther,Jabroni Zamboni goes Tkachoook
Jason Zucker,Jabroni Zamboni goes Tkachoook
Aleksander Barkov,Jabroni Zamboni goes Tkachoook
Leon Draisaitl,Jabroni Zamboni goes Tkachoook
Elvis Merzlikins,Jabroni Zamboni goes Tkachoook
Wyatt Johnston,JustPuckingAround
Brayden Point,JustPuckingAround
Cole Caufield,JustPuckingAround
Mikko Rantanen,JustPuckingAround
Beckett Sennecke,JustPuckingAround
Bryan Rust,JustPuckingAround
Adam Fox,JustPuckingAround
Brock Faber,JustPuckingAround
Jake Sanderson,JustPuckingAround
Tomas Hertl,JustPuckingAround
Arturs Silovs,JustPuckingAround
Igor Shesterkin,JustPuckingAround
Darnell Nurse,JustPuckingAround
William Eklund,JustPuckingAround
Tyler Bertuzzi,JustPuckingAround
Gabriel Vilardi,JustPuckingAround
Lukas Dostal,JustPuckingAround
J.T. Miller,Not sure
Nathan MacKinnon,Not sure
Owen Tippett,Not sure
Evgeni Malkin,Not sure
Kiefer Sherwood,Not sure
Brock Boeser,Not sure
Braden Schneider,Not sure
Roman Josi,Not sure
Jackson LaCombe,Not sure
Blake Coleman,Not sure
Jacob Markstrom,Not sure
Filip Gustavsson,Not sure
Elias Pettersson,Not sure
Bo Horvat,Not sure
Emil Heineman,Not sure
Filip Hronek,Not sure
Auston Matthews,Not sure
Joey Daccord,Not sure
Mathew Barzal,Baby Shark
Sidney Crosby,Baby Shark
Jake Guentzel,Baby Shark
Juraj Slafkovský,Baby Shark
Nikolaj Ehlers,Baby Shark
Matthew Tkachuk,Baby Shark
Jakob Chychrun,Baby Shark
Vince Dunn,Baby Shark
Thomas Harley,Baby Shark
Sebastian Aho,Baby Shark
Jakub Dobes,Baby Shark
Frederik Andersen,Baby Shark
Macklin Celebrini,Baby Shark
Mavrik Bourque,Baby Shark
Connor McDavid,Baby Shark
Mark Stone,Baby Shark
Jake Oettinger,Baby Shark
Joel Eriksson Ek,Playoff Auston Matthews
Dylan Cozens,Playoff Auston Matthews
Andrei Svechnikov,Playoff Auston Matthews
Jake Neighbours,Playoff Auston Matthews
Anthony Mantha,Playoff Auston Matthews
Pavel Buchnevich,Playoff Auston Matthews
Erik Karlsson,Playoff Auston Matthews
Zach Werenski,Playoff Auston Matthews
Philip Broberg,Playoff Auston Matthews
Vincent Trocheck,Playoff Auston Matthews
Scott Wedgewood,Playoff Auston Matthews
Joel Hofer,Playoff Auston Matthews
Mitch Marner,Playoff Auston Matthews
Adrian Kempe,Playoff Auston Matthews
Rasmus Dahlin,Playoff Auston Matthews
Brandon Hagel,Playoff Auston Matthews
Jesper Wallstedt,Playoff Auston Matthews
Juuse Saros,Playoff Auston Matthews
Anze Kopitar,The Idaho Idiots
Adam Fantilli,The Idaho Idiots
Clayton Keller,The Idaho Idiots
Alex DeBrincat,The Idaho Idiots
Jason Robertson,The Idaho Idiots
Gabe Perreault,The Idaho Idiots
Mattias Ekholm,The Idaho Idiots
Brandon Montour,The Idaho Idiots
Miro Heiskanen,The Idaho Idiots
Gabriel Landeskog,The Idaho Idiots
Spencer Knight,The Idaho Idiots
Brandon Bussi,The Idaho Idiots
Will Smith,The Idaho Idiots
William Nylander,The Idaho Idiots
Josh Morrissey,The Idaho Idiots
Brad Marchand,The Idaho Idiots
Victor Hedman,The Idaho Idiots
Linus Ullmark,The Idaho Idiots
Connor Hellebuyck,The Idaho Idiots
Mark Scheifele,The Puck Tuahs
Sean Monahan,The Puck Tuahs
Kirill Kaprizov,The Puck Tuahs
Morgan Geekie,The Puck Tuahs
Travis Konecny,The Puck Tuahs
Ivan Demidov,The Puck Tuahs
MacKenzie Weegar,The Puck Tuahs
John Carlson,The Puck Tuahs
Seth Jones,The Puck Tuahs
Filip Forsberg,The Puck Tuahs
Karel Vejmelka,The Puck Tuahs
Samuel Ersson,The Puck Tuahs
John Tavares,The Puck Tuahs
Matthew Knies,The Puck Tuahs
Tage Thompson,The Puck Tuahs
Pavel Dorofeyev,The Puck Tuahs
Stuart Skinner,The Puck Tuahs